<?xml version="1.0" encoding="UTF-8"?>
<office:document-styles xmlns:office="urn:oasis:names:tc:opendocument:xmlns:office:1.0" xmlns:style="urn:oasis:names:tc:opendocument:xmlns:style:1.0" xmlns:text="urn:oasis:names:tc:opendocument:xmlns:text:1.0" xmlns:table="urn:oasis:names:tc:opendocument:xmlns:table:1.0" xmlns:draw="urn:oasis:names:tc:opendocument:xmlns:drawing:1.0" xmlns:fo="urn:oasis:names:tc:opendocument:xmlns:xsl-fo-compatible:1.0" xmlns:xlink="http://www.w3.org/1999/xlink" xmlns:dc="http://purl.org/dc/elements/1.1/" xmlns:meta="urn:oasis:names:tc:opendocument:xmlns:meta:1.0" xmlns:number="urn:oasis:names:tc:opendocument:xmlns:datastyle:1.0" xmlns:presentation="urn:oasis:names:tc:opendocument:xmlns:presentation:1.0" xmlns:svg="urn:oasis:names:tc:opendocument:xmlns:svg-compatible:1.0" xmlns:chart="urn:oasis:names:tc:opendocument:xmlns:chart:1.0" xmlns:dr3d="urn:oasis:names:tc:opendocument:xmlns:dr3d:1.0" xmlns:math="http://www.w3.org/1998/Math/MathML" xmlns:form="urn:oasis:names:tc:opendocument:xmlns:form:1.0" xmlns:script="urn:oasis:names:tc:opendocument:xmlns:script:1.0" xmlns:ooo="http://openoffice.org/2004/office" xmlns:ooow="http://openoffice.org/2004/writer" xmlns:oooc="http://openoffice.org/2004/calc" xmlns:dom="http://www.w3.org/2001/xml-events" xmlns:smil="urn:oasis:names:tc:opendocument:xmlns:smil-compatible:1.0" xmlns:anim="urn:oasis:names:tc:opendocument:xmlns:animation:1.0" xmlns:rpt="http://openoffice.org/2005/report" xmlns:of="urn:oasis:names:tc:opendocument:xmlns:of:1.2" xmlns:xhtml="http://www.w3.org/1999/xhtml" xmlns:grddl="http://www.w3.org/2003/g/data-view#" xmlns:officeooo="http://openoffice.org/2009/office" xmlns:tableooo="http://openoffice.org/2009/table" xmlns:drawooo="http://openoffice.org/2010/draw" xmlns:calcext="urn:org:documentfoundation:names:experimental:calc:xmlns:calcext:1.0" xmlns:loext="urn:org:documentfoundation:names:experimental:office:xmlns:loext:1.0" xmlns:field="urn:openoffice:names:experimental:ooo-ms-interop:xmlns:field:1.0" xmlns:css3t="http://www.w3.org/TR/css3-text/" office:version="1.2"><office:font-face-decls><style:font-face style:name="Arial" svg:font-family="Arial"/><style:font-face style:name="Calibri" svg:font-family="Calibri"/><style:font-face style:name="DengXian" svg:font-family="DengXian"/><style:font-face style:name="KaiTi" svg:font-family="KaiTi"/><style:font-face style:name="KaiTi_GB2312" svg:font-family="KaiTi_GB2312"/><style:font-face style:name="Microsoft YaHei" svg:font-family="&apos;Microsoft YaHei&apos;"/><style:font-face style:name="MicrosoftYaHei" svg:font-family="MicrosoftYaHei"/><style:font-face style:name="STZhongsong" svg:font-family="STZhongsong"/><style:font-face style:name="SimHei" svg:font-family="SimHei"/><style:font-face style:name="SimSun" svg:font-family="SimSun"/><style:font-face style:name="TimesNewRoman" svg:font-family="TimesNewRoman"/><style:font-face style:name="Wingdingsular" svg:font-family="Wingdingsular"/><style:font-face style:name="Liberation Sans" svg:font-family="&apos;Liberation Sans&apos;" style:font-family-generic="roman" style:font-pitch="variable"/><style:font-face style:name="Liberation Serif" svg:font-family="&apos;Liberation Serif&apos;" style:font-family-generic="roman" style:font-pitch="variable"/><style:font-face style:name="DejaVu Sans" svg:font-family="&apos;DejaVu Sans&apos;" style:font-family-generic="system" style:font-pitch="variable"/><style:font-face style:name="Lohit Devanagari" svg:font-family="&apos;Lohit Devanagari&apos;" style:font-family-generic="system" style:font-pitch="variable"/><style:font-face style:name="Noto Sans CJK SC Regular" svg:font-family="&apos;Noto Sans CJK SC Regular&apos;" style:font-family-generic="system" style:font-pitch="variable"/></office:font-face-decls><office:styles><draw:marker draw:name="Arrow" svg:viewBox="0 0 20 30" svg:d="M10 0l-10 30h20z"/><style:default-style style:family="graphic"><style:graphic-properties svg:stroke-color="#3465a4" draw:fill-color="#729fcf" fo:wrap-option="no-wrap"/><style:paragraph-properties style:text-autospace="ideograph-alpha" style:punctuation-wrap="simple" style:line-break="strict" style:font-independent-line-spacing="false"><style:tab-stops/></style:paragraph-properties><style:text-properties style:use-window-font-color="true" style:font-name="Liberation Serif" fo:font-size="24pt" fo:language="en" fo:country="US" style:font-name-asian="DejaVu Sans" style:font-size-asian="24pt" style:language-asian="zh" style:country-asian="CN" style:font-name-complex="DejaVu Sans" style:font-size-complex="24pt" style:language-complex="hi" style:country-complex="IN"/></style:default-style><style:style style:name="standard" style:family="graphic"/><style:style style:name="objectwitharrow" style:family="graphic" style:parent-style-name="standard"><style:graphic-properties draw:stroke="solid" svg:stroke-width="0.15cm" svg:stroke-color="#000000" draw:marker-start="Arrow" draw:marker-start-width="0.7cm" draw:marker-start-center="true" draw:marker-end-width="0.3cm"/></style:style><style:style style:name="objectwithshadow" style:family="graphic" style:parent-style-name="standard"><style:graphic-properties draw:shadow="visible" draw:shadow-offset-x="0.2cm" draw:shadow-offset-y="0.2cm" draw:shadow-color="#808080"/></style:style><style:style style:name="objectwithoutfill" style:family="graphic" style:parent-style-name="standard"><style:graphic-properties svg:stroke-color="#000000" draw:fill="none"/></style:style><style:style style:name="Object_20_with_20_no_20_fill_20_and_20_no_20_line" style:display-name="Object with no fill and no line" style:family="graphic" style:parent-style-name="standard"><style:graphic-properties draw:stroke="none" draw:fill="none"/></style:style><style:style style:name="text" style:family="graphic" style:parent-style-name="standard"><style:graphic-properties draw:stroke="none" draw:fill="none"/></style:style><style:style style:name="textbody" style:family="graphic" style:parent-style-name="standard"><style:graphic-properties draw:stroke="none" draw:fill="none"/><style:text-properties fo:font-size="16pt"/></style:style><style:style style:name="textbodyjustfied" style:family="graphic" style:parent-style-name="standard"><style:graphic-properties draw:stroke="none" draw:fill="none"/><style:paragraph-properties fo:text-align="justify"/></style:style><style:style style:name="textbodyindent" style:family="graphic" style:parent-style-name="standard"><style:graphic-properties draw:stroke="none" draw:fill="none"/><style:paragraph-properties fo:margin-left="0cm" fo:margin-right="0cm" fo:text-indent="0.6cm"/></style:style><style:style style:name="title" style:family="graphic" style:parent-style-name="standard"><style:graphic-properties draw:stroke="none" draw:fill="none"/><style:text-properties fo:font-size="44pt"/></style:style><style:style style:name="title1" style:family="graphic" style:parent-style-name="standard"><style:graphic-properties draw:stroke="none" draw:fill="solid" draw:fill-color="#008080" draw:shadow="visible" draw:shadow-offset-x="0.2cm" draw:shadow-offset-y="0.2cm" draw:shadow-color="#808080"/><style:paragraph-properties fo:text-align="center"/><style:text-properties fo:font-size="24pt"/></style:style><style:style style:name="title2" style:family="graphic" style:parent-style-name="standard"><style:graphic-properties svg:stroke-width="0.05cm" draw:fill-color="#ffcc99" draw:shadow="visible" draw:shadow-offset-x="0.2cm" draw:shadow-offset-y="0.2cm" draw:shadow-color="#808080"/><style:paragraph-properties fo:margin-left="0cm" fo:margin-right="0.2cm" fo:margin-top="0.1cm" fo:margin-bottom="0.1cm" fo:text-align="center" fo:text-indent="0cm"/><style:text-properties fo:font-size="36pt"/></style:style><style:style style:name="headline" style:family="graphic" style:parent-style-name="standard"><style:graphic-properties draw:stroke="none" draw:fill="none"/><style:paragraph-properties fo:margin-top="0.42cm" fo:margin-bottom="0.21cm"/><style:text-properties fo:font-size="24pt"/></style:style><style:style style:name="headline1" style:family="graphic" style:parent-style-name="standard"><style:graphic-properties draw:stroke="none" draw:fill="none"/><style:paragraph-properties fo:margin-top="0.42cm" fo:margin-bottom="0.21cm"/><style:text-properties fo:font-size="18pt" fo:font-weight="bold"/></style:style><style:style style:name="headline2" style:family="graphic" style:parent-style-name="standard"><style:graphic-properties draw:stroke="none" draw:fill="none"/><style:paragraph-properties fo:margin-top="0.42cm" fo:margin-bottom="0.21cm"/><style:text-properties fo:font-size="14pt" fo:font-style="italic" fo:font-weight="bold"/></style:style><style:style style:name="measure" style:family="graphic" style:parent-style-name="standard"><style:graphic-properties draw:stroke="solid" svg:stroke-color="#000000" draw:marker-start="Arrow" draw:marker-start-width="0.2cm" draw:marker-end="Arrow" draw:marker-end-width="0.2cm" draw:fill="none" draw:show-unit="true"/><style:text-properties fo:font-size="12pt"/></style:style></office:styles><office:automatic-styles><style:page-layout style:name="PM0"><style:page-layout-properties fo:margin-top="1.5cm" fo:margin-bottom="1cm" fo:margin-left="1.4cm" fo:margin-right="1cm" fo:page-width="21.001cm" fo:page-height="29.705cm" style:print-orientation="portrait"/></style:page-layout><style:style style:name="Mdp1" style:family="drawing-page"><style:drawing-page-properties draw:background-size="border" draw:fill="none"/></style:style></office:automatic-styles><office:master-styles><draw:layer-set><draw:layer draw:name="layout"/><draw:layer draw:name="background"/><draw:layer draw:name="backgroundobjects"/><draw:layer draw:name="controls"/><draw:layer draw:name="measurelines"/></draw:layer-set><style:master-page style:name="master-page3" style:page-layout-name="PM0" draw:style-name="Mdp1"/><style:master-page style:name="master-page118" style:page-layout-name="PM0" draw:style-name="Mdp1"/></office:master-styles></office:document-styles>